Zbiór,Accuracy,Precision,Recall,F1-score
Historyczny,1.0,1.0,1.0,1.0
Produkcyjny,0.47333333333333333,0.46511627906976744,0.40268456375838924,0.4316546762589928
